<?xml version="1.0" encoding="utf-8"?>
<annotations>
  <version>1.1</version>
  <meta>
    <task>
      <id>6</id>
      <name>dataset_repo_synchronization</name>
      <size>5</size>
      <mode>annotation</mode>
      <overlap>0</overlap>
      <bugtracker></bugtracker>
      <created>2020-11-30 23:07:03.536788+07:00</created>
      <updated>2020-12-03 23:42:55.683815+07:00</updated>
      <start_frame>0</start_frame>
      <stop_frame>4</stop_frame>
      <frame_filter></frame_filter>
      <labels>
        <label>
          <name>parking lot</name>
          <color>#af32d7</color>
          <attributes>
            <attribute>
              <name>Free</name>
              <mutable>True</mutable>
              <input_type>checkbox</input_type>
              <default_value>false</default_value>
              <values>false</values>
            </attribute>
          </attributes>
        </label>
        <label>
          <name>tree</name>
          <color>#906000</color>
          <attributes>
          </attributes>
        </label>
        <label>
          <name>car</name>
          <color>#2080c0</color>
          <attributes>
          </attributes>
        </label>
        <label>
          <name>recycle bin</name>
          <color>#12223b</color>
          <attributes>
          </attributes>
        </label>
        <label>
          <name>pedestrian</name>
          <color>#80e060</color>
          <attributes>
          </attributes>
        </label>
        <label>
          <name>obstacle</name>
          <color>#e503ac</color>
          <attributes>
          </attributes>
        </label>
      </labels>
      <segments>
        <segment>
          <id>19</id>
          <start>0</start>
          <stop>4</stop>
          <url>http172.16.2.6:8080/?id=19</url>
        </segment>
      </segments>
      <owner>
        <username>v.manng@vinbrain.net</username>
        <email>v.manng@vinbrain.net</email>
      </owner>
      <assignee></assignee>
    </task>
    <dumped>2020-12-04 15:57:42.168073+07:00</dumped>
  </meta>
  <image id="0" name="aaron-lutas-JKZkFk8WnrI-unsplash.jpg" width="6000" height="4000">
  </image>
  <image id="1" name="adam-acosta-h5p-AiQoLTA-unsplash.jpg" width="4000" height="2250">
    <box label="car" occluded="0" source="auto" xtl="2546.00" ytl="727.00" xbr="2723.00" ybr="951.00" z_order="0">
    </box>
    <box label="pedestrian" occluded="0" source="auto" xtl="1237.00" ytl="2098.00" xbr="1415.00" ybr="2250.00" z_order="0">
    </box>
    <box label="pedestrian" occluded="0" source="auto" xtl="1192.00" ytl="1987.00" xbr="1361.00" ybr="2250.00" z_order="0">
    </box>
    <box label="car" occluded="0" source="auto" xtl="168.00" ytl="15.00" xbr="3216.00" ybr="2182.00" z_order="0">
    </box>
    <box label="car" occluded="0" source="auto" xtl="1624.00" ytl="986.00" xbr="1908.00" ybr="1313.00" z_order="0">
    </box>
    <box label="car" occluded="0" source="auto" xtl="1940.00" ytl="928.00" xbr="2204.00" ybr="1215.00" z_order="0">
    </box>
    <box label="car" occluded="0" source="auto" xtl="2241.00" ytl="158.00" xbr="2512.00" ybr="434.00" z_order="0">
    </box>
    <box label="car" occluded="0" source="auto" xtl="3020.00" ytl="572.00" xbr="3338.00" ybr="778.00" z_order="0">
    </box>
    <box label="car" occluded="0" source="auto" xtl="1737.00" ytl="514.00" xbr="1909.00" ybr="717.00" z_order="0">
    </box>
    <box label="car" occluded="0" source="auto" xtl="1866.00" ytl="480.00" xbr="2036.00" ybr="668.00" z_order="0">
    </box>
    <box label="car" occluded="0" source="auto" xtl="1788.00" ytl="931.00" xbr="2083.00" ybr="1241.00" z_order="0">
    </box>
    <box label="car" occluded="0" source="auto" xtl="2573.00" ytl="761.00" xbr="2822.00" ybr="1026.00" z_order="0">
    </box>
    <box label="car" occluded="0" source="auto" xtl="2249.00" ytl="848.00" xbr="2503.00" ybr="1127.00" z_order="0">
    </box>
    <box label="pedestrian" occluded="0" source="auto" xtl="255.00" ytl="2030.00" xbr="429.00" ybr="2250.00" z_order="0">
    </box>
    <box label="car" occluded="0" source="auto" xtl="2078.00" ytl="939.00" xbr="2337.00" ybr="1184.00" z_order="0">
    </box>
    <box label="pedestrian" occluded="0" source="auto" xtl="1059.00" ytl="663.00" xbr="1149.00" ybr="746.00" z_order="0">
    </box>
  </image>
  <image id="2" name="adison-clark-qtQ1fZccpeI-unsplash.jpg" width="3221" height="4832">
    <box label="car" occluded="0" source="auto" xtl="1812.00" ytl="3286.00" xbr="2007.00" ybr="3618.00" z_order="0">
    </box>
    <box label="car" occluded="0" source="auto" xtl="1004.00" ytl="3297.00" xbr="1286.00" ybr="3725.00" z_order="0">
    </box>
    <box label="car" occluded="0" source="auto" xtl="1586.00" ytl="3235.00" xbr="1802.00" ybr="3474.00" z_order="0">
    </box>
    <box label="car" occluded="0" source="auto" xtl="2400.00" ytl="3383.00" xbr="2640.00" ybr="4105.00" z_order="0">
    </box>
    <box label="car" occluded="0" source="auto" xtl="2007.00" ytl="3366.00" xbr="2339.00" ybr="3803.00" z_order="0">
    </box>
    <box label="pedestrian" occluded="0" source="auto" xtl="1563.00" ytl="3235.00" xbr="1599.00" ybr="3395.00" z_order="0">
    </box>
    <box label="car" occluded="0" source="auto" xtl="1371.00" ytl="3316.00" xbr="1430.00" ybr="3431.00" z_order="0">
    </box>
    <box label="car" occluded="0" source="auto" xtl="1832.00" ytl="3317.00" xbr="1949.00" ybr="3488.00" z_order="0">
    </box>
    <box label="car" occluded="0" source="auto" xtl="1378.00" ytl="3324.00" xbr="1506.00" ybr="3422.00" z_order="0">
    </box>
    <box label="pedestrian" occluded="0" source="auto" xtl="1807.00" ytl="3263.00" xbr="1860.00" ybr="3386.00" z_order="0">
    </box>
    <box label="car" occluded="0" source="auto" xtl="1780.00" ytl="3296.00" xbr="1856.00" ybr="3455.00" z_order="0">
    </box>
    <box label="car" occluded="0" source="auto" xtl="964.00" ytl="3348.00" xbr="1113.00" ybr="3759.00" z_order="0">
    </box>
    <box label="pedestrian" occluded="0" source="auto" xtl="1607.00" ytl="3244.00" xbr="1647.00" ybr="3351.00" z_order="0">
    </box>
    <box label="pedestrian" occluded="0" source="auto" xtl="1061.00" ytl="3275.00" xbr="1108.00" ybr="3360.00" z_order="0">
    </box>
    <box label="car" occluded="0" source="auto" xtl="1296.00" ytl="3307.00" xbr="1376.00" ybr="3474.00" z_order="0">
    </box>
    <box label="car" occluded="0" source="auto" xtl="565.00" ytl="3344.00" xbr="1022.00" ybr="3792.00" z_order="0">
    </box>
    <box label="pedestrian" occluded="0" source="auto" xtl="1856.00" ytl="3247.00" xbr="1893.00" ybr="3335.00" z_order="0">
    </box>
    <box label="car" occluded="0" source="auto" xtl="2270.00" ytl="3396.00" xbr="2501.00" ybr="3951.00" z_order="0">
    </box>
    <box label="car" occluded="0" source="auto" xtl="553.00" ytl="3485.00" xbr="805.00" ybr="3986.00" z_order="0">
    </box>
    <box label="car" occluded="0" source="auto" xtl="1123.00" ytl="3241.00" xbr="1390.00" ybr="3593.00" z_order="0">
    </box>
    <box label="car" occluded="0" source="auto" xtl="2550.00" ytl="3251.00" xbr="3178.00" ybr="4759.00" z_order="0">
    </box>
    <box label="car" occluded="0" source="auto" xtl="11.00" ytl="3427.00" xbr="585.00" ybr="4129.00" z_order="0">
    </box>
    <box label="car" occluded="0" source="auto" xtl="1942.00" ytl="3261.00" xbr="2208.00" ybr="3708.00" z_order="0">
    </box>
  </image>
  <image id="3" name="alberto-almajano-ERPiN2a_db4-unsplash.jpg" width="4032" height="3024">
    <box label="car" occluded="0" source="auto" xtl="2429.00" ytl="1964.00" xbr="2510.00" ybr="2041.00" z_order="0">
    </box>
    <box label="car" occluded="0" source="auto" xtl="2252.00" ytl="2555.00" xbr="2685.00" ybr="2835.00" z_order="0">
    </box>
    <box label="car" occluded="0" source="auto" xtl="1203.00" ytl="2000.00" xbr="1535.00" ybr="2145.00" z_order="0">
    </box>
    <box label="car" occluded="0" source="auto" xtl="876.00" ytl="2027.00" xbr="1160.00" ybr="2180.00" z_order="0">
    </box>
    <box label="car" occluded="0" source="auto" xtl="1629.00" ytl="2685.00" xbr="2047.00" ybr="2981.00" z_order="0">
    </box>
    <box label="car" occluded="0" source="auto" xtl="0.00" ytl="2086.00" xbr="384.00" ybr="2273.00" z_order="0">
    </box>
    <box label="car" occluded="0" source="auto" xtl="2914.00" ytl="2056.00" xbr="3013.00" ybr="2168.00" z_order="0">
    </box>
    <box label="car" occluded="0" source="auto" xtl="0.00" ytl="2388.00" xbr="461.00" ybr="2634.00" z_order="0">
    </box>
    <box label="car" occluded="0" source="auto" xtl="2439.00" ytl="1928.00" xbr="2715.00" ybr="2058.00" z_order="0">
    </box>
    <box label="car" occluded="0" source="auto" xtl="2624.00" ytl="1887.00" xbr="2748.00" ybr="1935.00" z_order="0">
    </box>
    <box label="car" occluded="0" source="auto" xtl="2560.00" ytl="2509.00" xbr="2977.00" ybr="2792.00" z_order="0">
    </box>
    <box label="car" occluded="0" source="auto" xtl="1954.00" ytl="1964.00" xbr="2135.00" ybr="2054.00" z_order="0">
    </box>
    <box label="car" occluded="0" source="auto" xtl="1986.00" ytl="1915.00" xbr="2113.00" ybr="1988.00" z_order="0">
    </box>
    <box label="car" occluded="0" source="auto" xtl="1225.00" ytl="2765.00" xbr="1724.00" ybr="3011.00" z_order="0">
    </box>
    <box label="car" occluded="0" source="auto" xtl="1785.00" ytl="1946.00" xbr="1913.00" ybr="2050.00" z_order="0">
    </box>
    <box label="car" occluded="0" source="auto" xtl="240.00" ytl="1852.00" xbr="336.00" ybr="1897.00" z_order="0">
    </box>
    <box label="car" occluded="0" source="auto" xtl="3016.00" ytl="1869.00" xbr="3129.00" ybr="1936.00" z_order="0">
    </box>
    <box label="pedestrian" occluded="0" source="auto" xtl="2174.00" ytl="2187.00" xbr="2235.00" ybr="2300.00" z_order="0">
    </box>
    <box label="car" occluded="0" source="auto" xtl="2511.00" ytl="1916.00" xbr="2659.00" ybr="1972.00" z_order="0">
    </box>
    <box label="car" occluded="0" source="auto" xtl="278.00" ytl="1867.00" xbr="401.00" ybr="1912.00" z_order="0">
    </box>
    <box label="car" occluded="0" source="auto" xtl="1925.00" ytl="1973.00" xbr="2045.00" ybr="2041.00" z_order="0">
    </box>
    <box label="car" occluded="0" source="auto" xtl="853.00" ytl="1769.00" xbr="945.00" ybr="1801.00" z_order="0">
    </box>
    <box label="car" occluded="0" source="auto" xtl="829.00" ytl="2064.00" xbr="945.00" ybr="2161.00" z_order="0">
    </box>
    <box label="car" occluded="0" source="auto" xtl="3965.00" ytl="1798.00" xbr="4015.00" ybr="1844.00" z_order="0">
    </box>
    <box label="car" occluded="0" source="auto" xtl="3494.00" ytl="1836.00" xbr="3601.00" ybr="1899.00" z_order="0">
    </box>
    <box label="car" occluded="0" source="auto" xtl="2462.00" ytl="1920.00" xbr="2576.00" ybr="1975.00" z_order="0">
    </box>
    <box label="car" occluded="0" source="auto" xtl="903.00" ytl="1768.00" xbr="1001.00" ybr="1801.00" z_order="0">
    </box>
    <box label="car" occluded="0" source="auto" xtl="3869.00" ytl="1808.00" xbr="3973.00" ybr="1847.00" z_order="0">
    </box>
    <box label="car" occluded="0" source="auto" xtl="3057.00" ytl="1838.00" xbr="3224.00" ybr="1935.00" z_order="0">
    </box>
    <box label="car" occluded="0" source="auto" xtl="2669.00" ytl="1975.00" xbr="2808.00" ybr="2046.00" z_order="0">
    </box>
    <box label="car" occluded="0" source="auto" xtl="3169.00" ytl="1861.00" xbr="3262.00" ybr="1926.00" z_order="0">
    </box>
    <box label="car" occluded="0" source="auto" xtl="1461.00" ytl="1769.00" xbr="1572.00" ybr="1806.00" z_order="0">
    </box>
    <box label="car" occluded="0" source="auto" xtl="381.00" ytl="1872.00" xbr="455.00" ybr="1917.00" z_order="0">
    </box>
    <box label="car" occluded="0" source="auto" xtl="359.00" ytl="1755.00" xbr="463.00" ybr="1811.00" z_order="0">
    </box>
    <box label="car" occluded="0" source="auto" xtl="3092.00" ytl="1668.00" xbr="3201.00" ybr="1719.00" z_order="0">
    </box>
    <box label="car" occluded="0" source="auto" xtl="982.00" ytl="1753.00" xbr="1101.00" ybr="1797.00" z_order="0">
    </box>
    <box label="pedestrian" occluded="0" source="auto" xtl="2722.00" ytl="2147.00" xbr="2784.00" ybr="2227.00" z_order="0">
    </box>
    <box label="car" occluded="0" source="auto" xtl="1360.00" ytl="1752.00" xbr="1486.00" ybr="1790.00" z_order="0">
    </box>
  </image>
  <image id="4" name="alberto-martinez-xNpflS73gGQ-unsplash.jpg" width="2716" height="3621">
    <box label="car" occluded="0" source="auto" xtl="1178.00" ytl="1891.00" xbr="1250.00" ybr="1983.00" z_order="0">
    </box>
    <box label="car" occluded="0" source="auto" xtl="1536.00" ytl="1857.00" xbr="1646.00" ybr="2096.00" z_order="0">
    </box>
    <box label="car" occluded="0" source="auto" xtl="935.00" ytl="1941.00" xbr="1128.00" ybr="2120.00" z_order="0">
    </box>
    <box label="car" occluded="0" source="auto" xtl="1458.00" ytl="1927.00" xbr="1506.00" ybr="2005.00" z_order="0">
    </box>
    <box label="car" occluded="0" source="auto" xtl="1411.00" ytl="1898.00" xbr="1478.00" ybr="1964.00" z_order="0">
    </box>
    <box label="car" occluded="0" source="auto" xtl="1652.00" ytl="1807.00" xbr="1750.00" ybr="2196.00" z_order="0">
    </box>
    <box label="car" occluded="0" source="auto" xtl="661.00" ytl="1937.00" xbr="866.00" ybr="2264.00" z_order="0">
    </box>
    <box label="car" occluded="0" source="auto" xtl="1510.00" ytl="1922.00" xbr="1575.00" ybr="2033.00" z_order="0">
    </box>
    <box label="car" occluded="0" source="auto" xtl="1549.00" ytl="1933.00" xbr="1621.00" ybr="2049.00" z_order="0">
    </box>
    <box label="car" occluded="0" source="auto" xtl="1637.00" ytl="1866.00" xbr="1879.00" ybr="2207.00" z_order="0">
    </box>
    <box label="car" occluded="0" source="auto" xtl="970.00" ytl="1977.00" xbr="1051.00" ybr="2097.00" z_order="0">
    </box>
    <box label="car" occluded="0" source="auto" xtl="937.00" ytl="1991.00" xbr="1009.00" ybr="2120.00" z_order="0">
    </box>
    <box label="car" occluded="0" source="auto" xtl="1083.00" ytl="1938.00" xbr="1147.00" ybr="2066.00" z_order="0">
    </box>
    <box label="car" occluded="0" source="auto" xtl="1023.00" ytl="1944.00" xbr="1134.00" ybr="2070.00" z_order="0">
    </box>
    <box label="car" occluded="0" source="auto" xtl="1168.00" ytl="1930.00" xbr="1250.00" ybr="2013.00" z_order="0">
    </box>
    <box label="car" occluded="0" source="auto" xtl="1392.00" ytl="1916.00" xbr="1503.00" ybr="2018.00" z_order="0">
    </box>
    <box label="car" occluded="0" source="auto" xtl="9.00" ytl="1987.00" xbr="534.00" ybr="2442.00" z_order="0">
    </box>
    <box label="car" occluded="0" source="auto" xtl="741.00" ytl="1953.00" xbr="974.00" ybr="2205.00" z_order="0">
    </box>
    <box label="car" occluded="0" source="auto" xtl="421.00" ytl="2012.00" xbr="802.00" ybr="2286.00" z_order="0">
    </box>
  </image>
</annotations>